model,sequence_id,block,cosine,valid_tokens,total_tokens,input_bp
borzoi,chr22_27010048,1,0.985098659992218,896,896,524288
borzoi,chr22_27010048,2,0.991856038570404,896,896,524288
borzoi,chr22_27010048,3,0.9947906136512756,896,896,524288
borzoi,chr22_27010048,4,0.9879492521286011,896,896,524288
borzoi,chr22_27010048,5,0.9904559254646301,896,896,524288
borzoi,chr22_27010048,6,0.9915271997451782,896,896,524288
borzoi,chr22_27010048,7,0.9819733500480652,896,896,524288
borzoi,chr22_27010048,8,0.8657906651496887,896,896,524288
borzoi,chr22_35398656,1,0.9856182932853699,896,896,524288
borzoi,chr22_35398656,2,0.9931563138961792,896,896,524288
borzoi,chr22_35398656,3,0.9954878687858582,896,896,524288
borzoi,chr22_35398656,4,0.9851306080818176,896,896,524288
borzoi,chr22_35398656,5,0.9894888997077942,896,896,524288
borzoi,chr22_35398656,6,0.9881109595298767,896,896,524288
borzoi,chr22_35398656,7,0.9680668115615845,896,896,524288
borzoi,chr22_35398656,8,0.825943648815155,896,896,524288
borzoi,chr22_21767168,1,0.9868897795677185,896,896,524288
borzoi,chr22_21767168,2,0.9941237568855286,896,896,524288
borzoi,chr22_21767168,3,0.9964866042137146,896,896,524288
borzoi,chr22_21767168,4,0.9881245493888855,896,896,524288
borzoi,chr22_21767168,5,0.988563060760498,896,896,524288
borzoi,chr22_21767168,6,0.987278938293457,896,896,524288
borzoi,chr22_21767168,7,0.9783448576927185,896,896,524288
borzoi,chr22_21767168,8,0.8522566556930542,896,896,524288
borzoi,chr22_45884416,1,0.9825324416160583,896,896,524288
borzoi,chr22_45884416,2,0.9922641515731812,896,896,524288
borzoi,chr22_45884416,3,0.99531090259552,896,896,524288
borzoi,chr22_45884416,4,0.9848901629447937,896,896,524288
borzoi,chr22_45884416,5,0.9884716868400574,896,896,524288
borzoi,chr22_45884416,6,0.988142192363739,896,896,524288
borzoi,chr22_45884416,7,0.9611577987670898,896,896,524288
borzoi,chr22_45884416,8,0.8119888305664062,896,896,524288
borzoi,chr22_50078720,1,0.9818810224533081,896,896,524288
borzoi,chr22_50078720,2,0.9932892918586731,896,896,524288
borzoi,chr22_50078720,3,0.9961397051811218,896,896,524288
borzoi,chr22_50078720,4,0.9861271977424622,896,896,524288
borzoi,chr22_50078720,5,0.9881134629249573,896,896,524288
borzoi,chr22_50078720,6,0.9881958961486816,896,896,524288
borzoi,chr22_50078720,7,0.971764087677002,896,896,524288
borzoi,chr22_50078720,8,0.7712569236755371,896,896,524288
borzoi,chr22_33301504,1,0.9881843328475952,896,896,524288
borzoi,chr22_33301504,2,0.9937516450881958,896,896,524288
borzoi,chr22_33301504,3,0.9946622252464294,896,896,524288
borzoi,chr22_33301504,4,0.9869353175163269,896,896,524288
borzoi,chr22_33301504,5,0.9906644821166992,896,896,524288
borzoi,chr22_33301504,6,0.9885578155517578,896,896,524288
borzoi,chr22_33301504,7,0.9756640791893005,896,896,524288
borzoi,chr22_33301504,8,0.8777912259101868,896,896,524288
borzoi,chr22_23864320,1,0.9854030013084412,896,896,524288
borzoi,chr22_23864320,2,0.9935693144798279,896,896,524288
borzoi,chr22_23864320,3,0.9960899353027344,896,896,524288
borzoi,chr22_23864320,4,0.9850745797157288,896,896,524288
borzoi,chr22_23864320,5,0.9880856275558472,896,896,524288
borzoi,chr22_23864320,6,0.9871112108230591,896,896,524288
borzoi,chr22_23864320,7,0.9711532592773438,896,896,524288
borzoi,chr22_23864320,8,0.808211624622345,896,896,524288
borzoi,chr22_44835840,1,0.9840913414955139,896,896,524288
borzoi,chr22_44835840,2,0.9930921196937561,896,896,524288
borzoi,chr22_44835840,3,0.9957708716392517,896,896,524288
borzoi,chr22_44835840,4,0.9874600172042847,896,896,524288
borzoi,chr22_44835840,5,0.9895218014717102,896,896,524288
borzoi,chr22_44835840,6,0.9874261021614075,896,896,524288
borzoi,chr22_44835840,7,0.9721633791923523,896,896,524288
borzoi,chr22_44835840,8,0.8035001158714294,896,896,524288
