block,chr22_21767168,chr22_23864320,chr22_27010048,chr22_33301504,chr22_35398656,chr22_44835840,chr22_45884416,chr22_50078720
1,0.9997435808181764,0.9997096657752992,0.9997137784957886,0.9997294545173644,0.9997052550315856,0.9997078776359558,0.999667763710022,0.999708354473114
2,0.9997797012329102,0.9997431635856628,0.999682366847992,0.9997546076774596,0.9996761083602904,0.9997482299804688,0.9996843338012696,0.9997206926345824
3,0.9997591376304626,0.9996747374534608,0.9997178316116332,0.9997105598449708,0.9996761083602904,0.9997016191482544,0.9996803998947144,0.9996280074119568
4,0.999787211418152,0.9997225999832152,0.999663233757019,0.9997857213020324,0.9996886253356934,0.999735713005066,0.999650776386261,0.9996994137763976
5,0.9996910095214844,0.9996046423912048,0.9996097683906556,0.9996153712272644,0.9995524287223816,0.9996233582496644,0.9996108412742616,0.9995681047439576
6,0.9996806383132936,0.9996067881584167,0.9995020031929016,0.9996550679206848,0.9995802640914916,0.9996665716171264,0.9996264576911926,0.9996160268783568
7,0.9995532631874084,0.9994206428527832,0.999291718006134,0.9995096325874328,0.999497413635254,0.9992573857307434,0.9994487762451172,0.9995273351669312
8,0.9994006752967834,0.9993348121643066,0.9993218779563904,0.9993605017662048,0.9991542100906372,0.9992309212684632,0.9992815256118774,0.9992231130599976
9,0.9989641904830932,0.9984235763549804,0.9987449645996094,0.9982056617736816,0.998367726802826,0.9981700778007508,0.9983392357826232,0.9985146522521972
10,0.998035490512848,0.9965254068374634,0.9968905448913574,0.9964905977249146,0.9968932271003724,0.9966115355491638,0.9967846274375916,0.9964293241500854
11,0.9963076710700988,0.9943037033081056,0.9914292693138124,0.9946306943893432,0.9933476448059082,0.9928756952285768,0.9938406348228456,0.9953442811965942
