model,block,cosine_mean,cosine_sd,n_sequences,minimum_valid_tokens
enformer,1,0.9997107163071632,2.181108718212278e-05,8,896
enformer,2,0.9997236505150795,3.8921330190160094e-05,8,896
enformer,3,0.9996935501694679,3.849426438156044e-05,8,896
enformer,4,0.9997166618704796,5.13025410760664e-05,8,896
enformer,5,0.9996094405651093,4.117291341078613e-05,8,896
enformer,6,0.999616727232933,5.697646221698542e-05,8,896
enformer,7,0.9994382709264755,0.00010978181534049805,8,896
enformer,8,0.9992884546518326,8.167848442311443e-05,8,896
enformer,9,0.9984662607312202,0.0002702522622913333,8,896
enformer,10,0.9968325942754745,0.0005181166865176754,8,896
enformer,11,0.9940099492669106,0.0015092731907868162,8,896
borzoi,1,0.9849623590707779,0.002100913536349839,8,896
borzoi,2,0.9931378290057182,0.0007527734136465204,8,896
borzoi,3,0.9955923408269882,0.0006521165098814851,8,896
borzoi,4,0.9864614605903625,0.0013350419261956683,8,896
borzoi,5,0.9891706183552742,0.0010184505062884987,8,896
borzoi,6,0.9882937893271446,0.001402647485685044,8,896
borzoi,7,0.9725359529256821,0.006377136151039055,8,896
borzoi,8,0.8270924612879753,0.03577965072772669,8,896
alphagenome,1,0.9922071322798729,0.0010269291278347502,8,896
alphagenome,2,0.9952265545725822,0.0005624054478801625,8,896
alphagenome,3,0.993788331747055,0.0005636837435067251,8,896
alphagenome,4,0.9958182722330093,0.0006770274927880026,8,896
alphagenome,5,0.9940037876367569,0.0008339886873457593,8,896
alphagenome,6,0.9895481318235397,0.0011109894314375837,8,896
alphagenome,7,0.9864168465137482,0.0034818575100957106,8,896
alphagenome,8,0.989640474319458,0.0009361416162291553,8,896
alphagenome,9,0.9687892124056816,0.008792706225871944,8,896
